V1	V2	V3	V4	V5	V6	V7	V8	V9	V10	V11	V12	V13	V14	Contig	Postion	pFst	Chromosome	GL.ID	Comparison
GL834552.1_161947_T/C	GL834552.1:161947	C	ENSSHAG00000005008	ENSSHAT00000005789	Transcript	intron_variant	-	-	-	-	-	-	IMPACT=MODIFIER;STRAND=1	chr1_GL834552_random	161947	0.00787194	chr1	GL834552	Clusters_1_2
GL834592.1_244994_T/C	GL834592.1:244994	C	ENSSHAG00000006538	ENSSHAT00000007585	Transcript	upstream_gene_variant	-	-	-	-	-	-	IMPACT=MODIFIER;DISTANCE=4693;STRAND=-1	chr1_GL834592_random	244994	0.0081584	chr1	GL834592	Clusters_1_2
GL834608.1_986881_A/C	GL834608.1:986881	C	ENSSHAG00000012127	ENSSHAT00000014303	Transcript	intron_variant	-	-	-	-	-	-	IMPACT=MODIFIER;STRAND=1	chr1_GL834608_random	986881	0.00664808	chr1	GL834608	Clusters_1_2
GL834688.1_269315_C/T	GL834688.1:269315	T	ENSSHAG00000006790	ENSSHAT00000007885	Transcript	upstream_gene_variant	-	-	-	-	-	-	IMPACT=MODIFIER;DISTANCE=2377;STRAND=-1	chr1_GL834688_random	269315	0.00731549	chr1	GL834688	Clusters_1_2
GL835763.1_43267_A/G	GL835763.1:43267	G	ENSSHAG00000000298	ENSSHAT00000000342	Transcript	intron_variant	-	-	-	-	-	-	IMPACT=MODIFIER;STRAND=1	chr1_GL835763_random	43267	0.00161821	chr1	GL835763	Clusters_1_2
GL835763.1_43267_A/G	GL835763.1:43267	G	ENSSHAG00000000298	ENSSHAT00000000342	Transcript	intron_variant	-	-	-	-	-	-	IMPACT=MODIFIER;STRAND=1	chr1_GL835763_random	43267	0.00539626	chr1	GL835763	Clusters_3_2
GL835763.1_64033_C/T	GL835763.1:64033	T	ENSSHAG00000000298	ENSSHAT00000000342	Transcript	intron_variant	-	-	-	-	-	-	IMPACT=MODIFIER;STRAND=1	chr1_GL835763_random	64033	0.00493729	chr1	GL835763	Clusters_1_2
GL835763.1_64033_C/T	GL835763.1:64033	T	ENSSHAG00000000298	ENSSHAT00000000342	Transcript	intron_variant	-	-	-	-	-	-	IMPACT=MODIFIER;STRAND=1	chr1_GL835763_random	64033	0.001118	chr1	GL835763	Clusters_3_2
GL834438.1_1406785_G/A	GL834438.1:1406785	A	ENSSHAG00000013293	ENSSHAT00000015727	Transcript	intron_variant	-	-	-	-	-	-	IMPACT=MODIFIER;STRAND=1	chr1_GL834438_random	1406785	0.00717575	chr1	GL834438	Clusters_1_3
GL834702.1_828281_A/C	GL834702.1:828281	C	ENSSHAG00000011176	ENSSHAT00000013174	Transcript	intron_variant	-	-	-	-	-	-	IMPACT=MODIFIER;STRAND=-1	chr1_GL834702_random	828281	0.00664587	chr1	GL834702	Clusters_1_3
GL834763.1_723522_C/T	GL834763.1:723522	T	ENSSHAG00000010150	ENSSHAT00000011920	Transcript	intron_variant	-	-	-	-	-	-	IMPACT=MODIFIER;STRAND=1	chr1_GL834763_random	723522	0.00802629	chr1	GL834763	Clusters_1_3
GL836915.1_918_C/A	GL836915.1:918	A	ENSSHAG00000000963	ENSSHAT00000001089	Transcript	downstream_gene_variant	-	-	-	-	-	-	IMPACT=MODIFIER;DISTANCE=4315;STRAND=-1	chr1_GL836915_random	918	0.00724821	chr1	GL836915	Clusters_1_3
GL839020.1_2039_C/G	GL839020.1:2039	G	ENSSHAG00000000055	ENSSHAT00000000061	Transcript	intron_variant	-	-	-	-	-	-	IMPACT=MODIFIER;STRAND=-1	chr1_GL839020_random	2039	0.00668349	chr1	GL839020	Clusters_1_3
GL839023.1_5685_C/T	GL839023.1:5685	T	ENSSHAG00000000559	ENSSHAT00000000639	Transcript	downstream_gene_variant	-	-	-	-	-	-	IMPACT=MODIFIER;DISTANCE=2533;STRAND=1	chr1_GL839023_random	5685	0.00642854	chr1	GL839023	Clusters_1_3
GL834568.1_113400_C/T	GL834568.1:113400	T	ENSSHAG00000003846	ENSSHAT00000004415	Transcript	intron_variant	-	-	-	-	-	-	IMPACT=MODIFIER;STRAND=1	chr1_GL834568_random	113400	0.00217481	chr1	GL834568	Clusters_3_2
GL834588.1_1086585_G/A	GL834588.1:1086585	A	ENSSHAG00000012644	ENSSHAT00000014935	Transcript	intron_variant	-	-	-	-	-	-	IMPACT=MODIFIER;STRAND=-1	chr1_GL834588_random	1086585	0.00510017	chr1	GL834588	Clusters_3_2
GL834636.1_992191_C/T	GL834636.1:992191	T	ENSSHAG00000012257	ENSSHAT00000014466	Transcript	downstream_gene_variant	-	-	-	-	-	-	IMPACT=MODIFIER;DISTANCE=3307;STRAND=-1	chr1_GL834636_random	992191	0.00255535	chr1	GL834636	Clusters_3_2
GL834636.1_992210_C/A	GL834636.1:992210	A	ENSSHAG00000012257	ENSSHAT00000014466	Transcript	downstream_gene_variant	-	-	-	-	-	-	IMPACT=MODIFIER;DISTANCE=3288;STRAND=-1	chr1_GL834636_random	992210	0.0016435	chr1	GL834636	Clusters_3_2
GL834644.1_112902_C/G	GL834644.1:112902	G	ENSSHAG00000004424	ENSSHAT00000005106	Transcript	intron_variant	-	-	-	-	-	-	IMPACT=MODIFIER;STRAND=-1	chr1_GL834644_random	112902	0.00595401	chr1	GL834644	Clusters_3_2
GL834651.1_1054002_G/A	GL834651.1:1054002	A	ENSSHAG00000012510	ENSSHAT00000014780	Transcript	intron_variant	-	-	-	-	-	-	IMPACT=MODIFIER;STRAND=-1	chr1_GL834651_random	1054002	0.00226241	chr1	GL834651	Clusters_3_2
GL834710.1_3829425_G/A	GL834710.1:3829425	A	ENSSHAG00000018626	ENSSHAT00000022182	Transcript	upstream_gene_variant	-	-	-	-	-	-	IMPACT=MODIFIER;DISTANCE=3737;STRAND=1	chr1_GL834710_random	3829425	0.00681143	chr1	GL834710	Clusters_3_2
GL834840.1_267_C/T	GL834840.1:267	T	ENSSHAG00000000035	ENSSHAT00000000038	Transcript	intron_variant	-	-	-	-	-	-	IMPACT=MODIFIER;STRAND=1	chr1_GL834840_random	267	0.00427237	chr1	GL834840	Clusters_3_2
GL836913.1_3233_A/T	GL836913.1:3233	T	ENSSHAG00000000631	ENSSHAT00000000715	Transcript	intron_variant	-	-	-	-	-	-	IMPACT=MODIFIER;STRAND=1	chr1_GL836913_random	3233	0.00517769	chr1	GL836913	Clusters_3_2
GL837290.1_3465_C/T	GL837290.1:3465	T	ENSSHAG00000000437	ENSSHAT00000000495	Transcript	downstream_gene_variant	-	-	-	-	-	-	IMPACT=MODIFIER;DISTANCE=1615;STRAND=1	chr1_GL837290_random	3465	0.00329006	chr1	GL837290	Clusters_3_2
GL837290.1_3478_C/T	GL837290.1:3478	T	ENSSHAG00000000437	ENSSHAT00000000495	Transcript	downstream_gene_variant	-	-	-	-	-	-	IMPACT=MODIFIER;DISTANCE=1628;STRAND=1	chr1_GL837290_random	3478	0.0036536	chr1	GL837290	Clusters_3_2
GL837290.1_3503_G/A	GL837290.1:3503	A	ENSSHAG00000000437	ENSSHAT00000000495	Transcript	downstream_gene_variant	-	-	-	-	-	-	IMPACT=MODIFIER;DISTANCE=1653;STRAND=1	chr1_GL837290_random	3503	0.00690407	chr1	GL837290	Clusters_3_2
GL841412.1_1350942_T/A	GL841412.1:1350942	A	ENSSHAG00000013790	ENSSHAT00000016336	Transcript	intron_variant	-	-	-	-	-	-	IMPACT=MODIFIER;STRAND=1	chr2_GL841412_random	1350942	0.00223393	chr2	GL841412	Clusters_1_2
GL841274.1_856240_T/C	GL841274.1:856240	C	ENSSHAG00000010647	ENSSHAT00000012535	Transcript	intron_variant	-	-	-	-	-	-	IMPACT=MODIFIER;STRAND=1	chr2_GL841274_random	856240	0.00671151	chr2	GL841274	Clusters_1_3
GL841274.1_856240_T/C	GL841274.1:856240	C	ENSSHAG00000010647	ENSSHAT00000012536	Transcript	intron_variant	-	-	-	-	-	-	IMPACT=MODIFIER;STRAND=1	chr2_GL841274_random	856240	0.00671151	chr2	GL841274	Clusters_1_3
GL841366.1_2228129_G/A	GL841366.1:2228129	A	ENSSHAG00000016528	ENSSHAT00000019619	Transcript	intron_variant	-	-	-	-	-	-	IMPACT=MODIFIER;STRAND=-1	chr2_GL841366_random	2228129	0.00340291	chr2	GL841366	Clusters_1_3
GL841465.1_74435_G/A	GL841465.1:74435	A	ENSSHAG00000003035	ENSSHAT00000003490	Transcript	intron_variant	-	-	-	-	-	-	IMPACT=MODIFIER;STRAND=-1	chr2_GL841465_random	74435	0.00926892	chr2	GL841465	Clusters_1_3
GL841465.1_74435_G/A	GL841465.1:74435	A	ENSSHAG00000003035	ENSSHAT00000003490	Transcript	intron_variant	-	-	-	-	-	-	IMPACT=MODIFIER;STRAND=-1	chr2_GL841465_random	74435	2.6187e-05	chr2	GL841465	Clusters_3_2
GL841556.1_1345468_T/C	GL841556.1:1345468	C	ENSSHAG00000013864	ENSSHAT00000016429	Transcript	intron_variant	-	-	-	-	-	-	IMPACT=MODIFIER;STRAND=1	chr2_GL841556_random	1345468	0.00844141	chr2	GL841556	Clusters_1_3
GL841556.1_1345468_T/C	GL841556.1:1345468	C	ENSSHAG00000013864	ENSSHAT00000016428	Transcript	intron_variant	-	-	-	-	-	-	IMPACT=MODIFIER;STRAND=1	chr2_GL841556_random	1345468	0.00844141	chr2	GL841556	Clusters_1_3
GL841556.1_1370437_G/A	GL841556.1:1370437	A	ENSSHAG00000013864	ENSSHAT00000016428	Transcript	intron_variant	-	-	-	-	-	-	IMPACT=MODIFIER;STRAND=1	chr2_GL841556_random	1370437	0.00405201	chr2	GL841556	Clusters_1_3
GL841556.1_1370437_G/A	GL841556.1:1370437	A	ENSSHAG00000013864	ENSSHAT00000016429	Transcript	intron_variant	-	-	-	-	-	-	IMPACT=MODIFIER;STRAND=1	chr2_GL841556_random	1370437	0.00405201	chr2	GL841556	Clusters_1_3
GL841556.1_1370545_T/C	GL841556.1:1370545	C	ENSSHAG00000013864	ENSSHAT00000016428	Transcript	intron_variant	-	-	-	-	-	-	IMPACT=MODIFIER;STRAND=1	chr2_GL841556_random	1370545	0.0074804	chr2	GL841556	Clusters_1_3
GL841556.1_1370545_T/C	GL841556.1:1370545	C	ENSSHAG00000013864	ENSSHAT00000016429	Transcript	intron_variant	-	-	-	-	-	-	IMPACT=MODIFIER;STRAND=1	chr2_GL841556_random	1370545	0.0074804	chr2	GL841556	Clusters_1_3
GL841556.1_1379053_A/G	GL841556.1:1379053	G	ENSSHAG00000013864	ENSSHAT00000016428	Transcript	intron_variant	-	-	-	-	-	-	IMPACT=MODIFIER;STRAND=1	chr2_GL841556_random	1379053	0.0061331	chr2	GL841556	Clusters_1_3
GL841556.1_1379053_A/G	GL841556.1:1379053	G	ENSSHAG00000013864	ENSSHAT00000016429	Transcript	intron_variant	-	-	-	-	-	-	IMPACT=MODIFIER;STRAND=1	chr2_GL841556_random	1379053	0.0061331	chr2	GL841556	Clusters_1_3
GL841556.1_1391228_C/T	GL841556.1:1391228	T	ENSSHAG00000013864	ENSSHAT00000016429	Transcript	intron_variant	-	-	-	-	-	-	IMPACT=MODIFIER;STRAND=1	chr2_GL841556_random	1391228	0.00858152	chr2	GL841556	Clusters_1_3
GL841556.1_1391228_C/T	GL841556.1:1391228	T	ENSSHAG00000013864	ENSSHAT00000016428	Transcript	intron_variant	-	-	-	-	-	-	IMPACT=MODIFIER;STRAND=1	chr2_GL841556_random	1391228	0.00858152	chr2	GL841556	Clusters_1_3
GL841556.1_1414023_A/T	GL841556.1:1414023	T	ENSSHAG00000013864	ENSSHAT00000016429	Transcript	intron_variant	-	-	-	-	-	-	IMPACT=MODIFIER;STRAND=1	chr2_GL841556_random	1414023	0.00739407	chr2	GL841556	Clusters_1_3
GL841556.1_1414023_A/T	GL841556.1:1414023	T	ENSSHAG00000013864	ENSSHAT00000016428	Transcript	intron_variant	-	-	-	-	-	-	IMPACT=MODIFIER;STRAND=1	chr2_GL841556_random	1414023	0.00739407	chr2	GL841556	Clusters_1_3
GL841556.1_1414068_C/T	GL841556.1:1414068	T	ENSSHAG00000013864	ENSSHAT00000016429	Transcript	intron_variant	-	-	-	-	-	-	IMPACT=MODIFIER;STRAND=1	chr2_GL841556_random	1414068	0.00413891	chr2	GL841556	Clusters_1_3
GL841556.1_1414068_C/T	GL841556.1:1414068	T	ENSSHAG00000013864	ENSSHAT00000016428	Transcript	intron_variant	-	-	-	-	-	-	IMPACT=MODIFIER;STRAND=1	chr2_GL841556_random	1414068	0.00413891	chr2	GL841556	Clusters_1_3
GL841556.1_1416711_A/G	GL841556.1:1416711	G	ENSSHAG00000013864	ENSSHAT00000016429	Transcript	intron_variant	-	-	-	-	-	-	IMPACT=MODIFIER;STRAND=1	chr2_GL841556_random	1416711	0.00254555	chr2	GL841556	Clusters_1_3
GL841556.1_1416711_A/G	GL841556.1:1416711	G	ENSSHAG00000013864	ENSSHAT00000016428	Transcript	intron_variant	-	-	-	-	-	-	IMPACT=MODIFIER;STRAND=1	chr2_GL841556_random	1416711	0.00254555	chr2	GL841556	Clusters_1_3
GL841556.1_1421967_G/A	GL841556.1:1421967	A	ENSSHAG00000013864	ENSSHAT00000016428	Transcript	intron_variant	-	-	-	-	-	-	IMPACT=MODIFIER;STRAND=1	chr2_GL841556_random	1421967	0.00622037	chr2	GL841556	Clusters_1_3
GL841556.1_1421967_G/A	GL841556.1:1421967	A	ENSSHAG00000013864	ENSSHAT00000016429	Transcript	intron_variant	-	-	-	-	-	-	IMPACT=MODIFIER;STRAND=1	chr2_GL841556_random	1421967	0.00622037	chr2	GL841556	Clusters_1_3
GL841556.1_1453310_T/C	GL841556.1:1453310	C	ENSSHAG00000013864	ENSSHAT00000016429	Transcript	downstream_gene_variant	-	-	-	-	-	-	IMPACT=MODIFIER;DISTANCE=1541;STRAND=1	chr2_GL841556_random	1453310	0.00933327	chr2	GL841556	Clusters_1_3
GL841556.1_1453310_T/C	GL841556.1:1453310	C	ENSSHAG00000013864	ENSSHAT00000016428	Transcript	downstream_gene_variant	-	-	-	-	-	-	IMPACT=MODIFIER;DISTANCE=1541;STRAND=1	chr2_GL841556_random	1453310	0.00933327	chr2	GL841556	Clusters_1_3
GL841557.1_147653_G/T	GL841557.1:147653	T	ENSSHAG00000004942	ENSSHAT00000005710	Transcript	intron_variant	-	-	-	-	-	-	IMPACT=MODIFIER;STRAND=-1	chr2_GL841557_random	147653	0.00322757	chr2	GL841557	Clusters_1_3
GL841557.1_147653_G/T	GL841557.1:147653	T	ENSSHAG00000004942	ENSSHAT00000005709	Transcript	intron_variant	-	-	-	-	-	-	IMPACT=MODIFIER;STRAND=-1	chr2_GL841557_random	147653	0.00322757	chr2	GL841557	Clusters_1_3
GL841557.1_154020_G/A	GL841557.1:154020	A	ENSSHAG00000004942	ENSSHAT00000005709	Transcript	intron_variant	-	-	-	-	-	-	IMPACT=MODIFIER;STRAND=-1	chr2_GL841557_random	154020	0.00346325	chr2	GL841557	Clusters_1_3
GL841557.1_154020_G/A	GL841557.1:154020	A	ENSSHAG00000004942	ENSSHAT00000005710	Transcript	intron_variant	-	-	-	-	-	-	IMPACT=MODIFIER;STRAND=-1	chr2_GL841557_random	154020	0.00346325	chr2	GL841557	Clusters_1_3
GL841557.1_161375_A/G	GL841557.1:161375	G	ENSSHAG00000004942	ENSSHAT00000005709	Transcript	intron_variant	-	-	-	-	-	-	IMPACT=MODIFIER;STRAND=-1	chr2_GL841557_random	161375	0.00399886	chr2	GL841557	Clusters_1_3
GL841557.1_161375_A/G	GL841557.1:161375	G	ENSSHAG00000004942	ENSSHAT00000005710	Transcript	intron_variant	-	-	-	-	-	-	IMPACT=MODIFIER;STRAND=-1	chr2_GL841557_random	161375	0.00399886	chr2	GL841557	Clusters_1_3
GL841557.1_166196_A/G	GL841557.1:166196	G	ENSSHAG00000004942	ENSSHAT00000005709	Transcript	intron_variant	-	-	-	-	-	-	IMPACT=MODIFIER;STRAND=-1	chr2_GL841557_random	166196	0.00661782	chr2	GL841557	Clusters_1_3
GL841557.1_166196_A/G	GL841557.1:166196	G	ENSSHAG00000004942	ENSSHAT00000005710	Transcript	intron_variant	-	-	-	-	-	-	IMPACT=MODIFIER;STRAND=-1	chr2_GL841557_random	166196	0.00661782	chr2	GL841557	Clusters_1_3
GL841557.1_167968_G/C	GL841557.1:167968	C	ENSSHAG00000004942	ENSSHAT00000005710	Transcript	synonymous_variant	2519	2319	773	G	ggC/ggG	-	IMPACT=LOW;STRAND=-1	chr2_GL841557_random	167968	0.00916096	chr2	GL841557	Clusters_1_3
GL841557.1_167968_G/C	GL841557.1:167968	C	ENSSHAG00000004942	ENSSHAT00000005709	Transcript	synonymous_variant	2534	2334	778	G	ggC/ggG	-	IMPACT=LOW;STRAND=-1	chr2_GL841557_random	167968	0.00916096	chr2	GL841557	Clusters_1_3
GL841557.1_169014_C/T	GL841557.1:169014	T	ENSSHAG00000004942	ENSSHAT00000005710	Transcript	intron_variant	-	-	-	-	-	-	IMPACT=MODIFIER;STRAND=-1	chr2_GL841557_random	169014	0.00203663	chr2	GL841557	Clusters_1_3
GL841557.1_169014_C/T	GL841557.1:169014	T	ENSSHAG00000004942	ENSSHAT00000005709	Transcript	intron_variant	-	-	-	-	-	-	IMPACT=MODIFIER;STRAND=-1	chr2_GL841557_random	169014	0.00203663	chr2	GL841557	Clusters_1_3
GL841557.1_171251_G/A	GL841557.1:171251	A	ENSSHAG00000004942	ENSSHAT00000005710	Transcript	intron_variant	-	-	-	-	-	-	IMPACT=MODIFIER;STRAND=-1	chr2_GL841557_random	171251	0.00478339	chr2	GL841557	Clusters_1_3
GL841557.1_171251_G/A	GL841557.1:171251	A	ENSSHAG00000004942	ENSSHAT00000005709	Transcript	intron_variant	-	-	-	-	-	-	IMPACT=MODIFIER;STRAND=-1	chr2_GL841557_random	171251	0.00478339	chr2	GL841557	Clusters_1_3
GL841557.1_177848_A/G	GL841557.1:177848	G	ENSSHAG00000004942	ENSSHAT00000005710	Transcript	intron_variant	-	-	-	-	-	-	IMPACT=MODIFIER;STRAND=-1	chr2_GL841557_random	177848	0.00424868	chr2	GL841557	Clusters_1_3
GL841557.1_177848_A/G	GL841557.1:177848	G	ENSSHAG00000004942	ENSSHAT00000005709	Transcript	intron_variant	-	-	-	-	-	-	IMPACT=MODIFIER;STRAND=-1	chr2_GL841557_random	177848	0.00424868	chr2	GL841557	Clusters_1_3
GL841557.1_179099_C/T	GL841557.1:179099	T	ENSSHAG00000004942	ENSSHAT00000005709	Transcript	intron_variant	-	-	-	-	-	-	IMPACT=MODIFIER;STRAND=-1	chr2_GL841557_random	179099	0.00310529	chr2	GL841557	Clusters_1_3
GL841557.1_179099_C/T	GL841557.1:179099	T	ENSSHAG00000004942	ENSSHAT00000005710	Transcript	intron_variant	-	-	-	-	-	-	IMPACT=MODIFIER;STRAND=-1	chr2_GL841557_random	179099	0.00310529	chr2	GL841557	Clusters_1_3
GL841557.1_179558_G/A	GL841557.1:179558	A	ENSSHAG00000004942	ENSSHAT00000005710	Transcript	intron_variant	-	-	-	-	-	-	IMPACT=MODIFIER;STRAND=-1	chr2_GL841557_random	179558	0.00643317	chr2	GL841557	Clusters_1_3
GL841557.1_179558_G/A	GL841557.1:179558	A	ENSSHAG00000004942	ENSSHAT00000005709	Transcript	intron_variant	-	-	-	-	-	-	IMPACT=MODIFIER;STRAND=-1	chr2_GL841557_random	179558	0.00643317	chr2	GL841557	Clusters_1_3
GL841557.1_179558_G/A	GL841557.1:179558	A	ENSSHAG00000004942	ENSSHAT00000005709	Transcript	intron_variant	-	-	-	-	-	-	IMPACT=MODIFIER;STRAND=-1	chr2_GL841557_random	179558	0.00567844	chr2	GL841557	Clusters_3_2
GL841557.1_179558_G/A	GL841557.1:179558	A	ENSSHAG00000004942	ENSSHAT00000005710	Transcript	intron_variant	-	-	-	-	-	-	IMPACT=MODIFIER;STRAND=-1	chr2_GL841557_random	179558	0.00567844	chr2	GL841557	Clusters_3_2
GL841557.1_215136_A/T	GL841557.1:215136	T	ENSSHAG00000004942	ENSSHAT00000005710	Transcript	intron_variant	-	-	-	-	-	-	IMPACT=MODIFIER;STRAND=-1	chr2_GL841557_random	215136	0.00964917	chr2	GL841557	Clusters_1_3
GL841557.1_215136_A/T	GL841557.1:215136	T	ENSSHAG00000004942	ENSSHAT00000005709	Transcript	intron_variant	-	-	-	-	-	-	IMPACT=MODIFIER;STRAND=-1	chr2_GL841557_random	215136	0.00964917	chr2	GL841557	Clusters_1_3
GL841557.1_215523_C/T	GL841557.1:215523	T	ENSSHAG00000004942	ENSSHAT00000005710	Transcript	intron_variant	-	-	-	-	-	-	IMPACT=MODIFIER;STRAND=-1	chr2_GL841557_random	215523	0.00384333	chr2	GL841557	Clusters_1_3
GL841557.1_215523_C/T	GL841557.1:215523	T	ENSSHAG00000004942	ENSSHAT00000005709	Transcript	intron_variant	-	-	-	-	-	-	IMPACT=MODIFIER;STRAND=-1	chr2_GL841557_random	215523	0.00384333	chr2	GL841557	Clusters_1_3
GL841557.1_216363_T/G	GL841557.1:216363	G	ENSSHAG00000004942	ENSSHAT00000005710	Transcript	intron_variant	-	-	-	-	-	-	IMPACT=MODIFIER;STRAND=-1	chr2_GL841557_random	216363	0.00238914	chr2	GL841557	Clusters_1_3
GL841557.1_216363_T/G	GL841557.1:216363	G	ENSSHAG00000004942	ENSSHAT00000005709	Transcript	intron_variant	-	-	-	-	-	-	IMPACT=MODIFIER;STRAND=-1	chr2_GL841557_random	216363	0.00238914	chr2	GL841557	Clusters_1_3
GL841557.1_219397_C/T	GL841557.1:219397	T	ENSSHAG00000004942	ENSSHAT00000005709	Transcript	intron_variant	-	-	-	-	-	-	IMPACT=MODIFIER;STRAND=-1	chr2_GL841557_random	219397	0.0035064	chr2	GL841557	Clusters_1_3
GL841557.1_219397_C/T	GL841557.1:219397	T	ENSSHAG00000004942	ENSSHAT00000005710	Transcript	intron_variant	-	-	-	-	-	-	IMPACT=MODIFIER;STRAND=-1	chr2_GL841557_random	219397	0.0035064	chr2	GL841557	Clusters_1_3
GL841557.1_219397_C/T	GL841557.1:219397	T	ENSSHAG00000004942	ENSSHAT00000005709	Transcript	intron_variant	-	-	-	-	-	-	IMPACT=MODIFIER;STRAND=-1	chr2_GL841557_random	219397	0.00387084	chr2	GL841557	Clusters_3_2
GL841557.1_219397_C/T	GL841557.1:219397	T	ENSSHAG00000004942	ENSSHAT00000005710	Transcript	intron_variant	-	-	-	-	-	-	IMPACT=MODIFIER;STRAND=-1	chr2_GL841557_random	219397	0.00387084	chr2	GL841557	Clusters_3_2
GL841557.1_602825_G/A	GL841557.1:602825	A	ENSSHAG00000009856	ENSSHAT00000011561	Transcript	intron_variant	-	-	-	-	-	-	IMPACT=MODIFIER;STRAND=1	chr2_GL841557_random	602825	0.0021969	chr2	GL841557	Clusters_3_2
GL841579.1_35994_T/C	GL841579.1:35994	C	ENSSHAG00000000895	ENSSHAT00000001013	Transcript	intron_variant	-	-	-	-	-	-	IMPACT=MODIFIER;STRAND=1	chr2_GL841579_random	35994	0.00646285	chr2	GL841579	Clusters_1_3
GL841579.1_35996_T/G	GL841579.1:35996	G	ENSSHAG00000000895	ENSSHAT00000001013	Transcript	intron_variant	-	-	-	-	-	-	IMPACT=MODIFIER;STRAND=1	chr2_GL841579_random	35996	0.00646286	chr2	GL841579	Clusters_1_3
GL841625.1_234134_G/A	GL841625.1:234134	A	ENSSHAG00000006489	ENSSHAT00000007529	Transcript	3_prime_UTR_variant	872	-	-	-	-	-	IMPACT=MODIFIER;STRAND=-1	chr2_GL841625_random	234134	0.00474174	chr2	GL841625	Clusters_1_3
GL842067.1_26854_A/C	GL842067.1:26854	C	ENSSHAG00000002196	ENSSHAT00000002508	Transcript	intron_variant	-	-	-	-	-	-	IMPACT=MODIFIER;STRAND=-1	chr2_GL842067_random	26854	0.00503711	chr2	GL842067	Clusters_1_3
GL842067.1_32267_T/C	GL842067.1:32267	C	ENSSHAG00000002196	ENSSHAT00000002508	Transcript	intron_variant	-	-	-	-	-	-	IMPACT=MODIFIER;STRAND=-1	chr2_GL842067_random	32267	0.00964567	chr2	GL842067	Clusters_1_3
GL841299.1_1238625_T/G	GL841299.1:1238625	G	ENSSHAG00000013286	ENSSHAT00000015718	Transcript	upstream_gene_variant	-	-	-	-	-	-	IMPACT=MODIFIER;DISTANCE=2562;STRAND=-1	chr2_GL841299_random	1238625	0.00302206	chr2	GL841299	Clusters_3_2
GL841443.1_1776709_G/C	GL841443.1:1776709	C	ENSSHAG00000015326	ENSSHAT00000018199	Transcript	intron_variant	-	-	-	-	-	-	IMPACT=MODIFIER;STRAND=1	chr2_GL841443_random	1776709	0.0068462	chr2	GL841443	Clusters_3_2
GL841443.1_1776709_G/C	GL841443.1:1776709	C	ENSSHAG00000015326	ENSSHAT00000018200	Transcript	intron_variant	-	-	-	-	-	-	IMPACT=MODIFIER;STRAND=1	chr2_GL841443_random	1776709	0.0068462	chr2	GL841443	Clusters_3_2
GL841471.1_563119_A/C	GL841471.1:563119	C	ENSSHAG00000009612	ENSSHAT00000011262	Transcript	downstream_gene_variant	-	-	-	-	-	-	IMPACT=MODIFIER;DISTANCE=2438;STRAND=-1	chr2_GL841471_random	563119	0.000856645	chr2	GL841471	Clusters_3_2
GL841484.1_2143534_C/T	GL841484.1:2143534	T	ENSSHAG00000016364	ENSSHAT00000019423	Transcript	intron_variant	-	-	-	-	-	-	IMPACT=MODIFIER;STRAND=1	chr2_GL841484_random	2143534	0.00552318	chr2	GL841484	Clusters_3_2
GL848267.1_1251_G/A	GL848267.1:1251	A	ENSSHAG00000000609	ENSSHAT00000000691	Transcript	upstream_gene_variant	-	-	-	-	-	-	IMPACT=MODIFIER;DISTANCE=804;STRAND=1	chr2_GL848267_random	1251	0.00290416	chr2	GL848267	Clusters_3_2
GL848267.1_1251_G/A	GL848267.1:1251	A	ENSSHAG00000000609	ENSSHAT00000000692	Transcript	upstream_gene_variant	-	-	-	-	-	-	IMPACT=MODIFIER;DISTANCE=804;STRAND=1	chr2_GL848267_random	1251	0.00290416	chr2	GL848267	Clusters_3_2
GL849892.1_1429032_T/C	GL849892.1:1429032	C	ENSSHAG00000014010	ENSSHAT00000016605	Transcript	intron_variant	-	-	-	-	-	-	IMPACT=MODIFIER;STRAND=1	chr3_GL849892_random	1429032	0.00165091	chr3	GL849892	Clusters_1_2
GL849591.1_361567_T/C	GL849591.1:361567	C	ENSSHAG00000007090	ENSSHAT00000008250	Transcript	intron_variant	-	-	-	-	-	-	IMPACT=MODIFIER;STRAND=1	chr3_GL849591_random	361567	0.00917891	chr3	GL849591	Clusters_1_3
GL849626.1_3419033_T/G	GL849626.1:3419033	G	ENSSHAG00000018087	ENSSHAT00000021515	Transcript	intron_variant	-	-	-	-	-	-	IMPACT=MODIFIER;STRAND=-1	chr3_GL849626_random	3419033	0.00776483	chr3	GL849626	Clusters_1_3
GL849626.1_3419034_C/G	GL849626.1:3419034	G	ENSSHAG00000018087	ENSSHAT00000021515	Transcript	intron_variant	-	-	-	-	-	-	IMPACT=MODIFIER;STRAND=-1	chr3_GL849626_random	3419034	0.00776483	chr3	GL849626	Clusters_1_3
GL849630.1_219628_C/T	GL849630.1:219628	T	ENSSHAG00000006349	ENSSHAT00000007364	Transcript	upstream_gene_variant	-	-	-	-	-	-	IMPACT=MODIFIER;DISTANCE=3817;STRAND=1	chr3_GL849630_random	219628	0.00481112	chr3	GL849630	Clusters_1_3
GL849842.1_152621_C/T	GL849842.1:152621	T	ENSSHAG00000002108	ENSSHAT00000002401	Transcript	intron_variant	-	-	-	-	-	-	IMPACT=MODIFIER;STRAND=1	chr3_GL849842_random	152621	0.0044666	chr3	GL849842	Clusters_1_3
GL849842.1_152626_A/G	GL849842.1:152626	G	ENSSHAG00000002108	ENSSHAT00000002401	Transcript	intron_variant	-	-	-	-	-	-	IMPACT=MODIFIER;STRAND=1	chr3_GL849842_random	152626	0.00429445	chr3	GL849842	Clusters_1_3
GL849905.1_2272609_G/A	GL849905.1:2272609	A	ENSSHAG00000016433	ENSSHAT00000019503	Transcript	intron_variant	-	-	-	-	-	-	IMPACT=MODIFIER;STRAND=-1	chr3_GL849905_random	2272609	0.00795966	chr3	GL849905	Clusters_1_3
GL849905.1_2272609_G/A	GL849905.1:2272609	A	ENSSHAG00000016433	ENSSHAT00000019503	Transcript	intron_variant	-	-	-	-	-	-	IMPACT=MODIFIER;STRAND=-1	chr3_GL849905_random	2272609	0.00582277	chr3	GL849905	Clusters_3_2
GL849905.1_2272871_G/A	GL849905.1:2272871	A	ENSSHAG00000016433	ENSSHAT00000019503	Transcript	intron_variant	-	-	-	-	-	-	IMPACT=MODIFIER;STRAND=-1	chr3_GL849905_random	2272871	0.00630569	chr3	GL849905	Clusters_3_2
GL849633.1_991300_C/G	GL849633.1:991300	G	ENSSHAG00000012230	ENSSHAT00000014434	Transcript	upstream_gene_variant	-	-	-	-	-	-	IMPACT=MODIFIER;DISTANCE=808;STRAND=1	chr3_GL849633_random	991300	0.00579487	chr3	GL849633	Clusters_3_2
GL849774.1_60214_G/A	GL849774.1:60214	A	ENSSHAG00000002372	ENSSHAT00000002712	Transcript	intron_variant	-	-	-	-	-	-	IMPACT=MODIFIER;STRAND=-1	chr3_GL849774_random	60214	0.00472439	chr3	GL849774	Clusters_3_2
GL850116.1_33292_G/T	GL850116.1:33292	T	ENSSHAG00000000408	ENSSHAT00000000464	Transcript	intron_variant	-	-	-	-	-	-	IMPACT=MODIFIER;STRAND=-1	chr3_GL850116_random	33292	0.0030769	chr3	GL850116	Clusters_3_2
GL852866.1_3702_C/T	GL852866.1:3702	T	ENSSHAG00000000778	ENSSHAT00000000880	Transcript	synonymous_variant	783	783	261	A	gcG/gcA	-	IMPACT=LOW;STRAND=-1	chr3_GL852866_random	3702	0.00539496	chr3	GL852866	Clusters_3_2
GL856772.1_614161_G/T	GL856772.1:614161	T	ENSSHAG00000009711	ENSSHAT00000011381	Transcript	upstream_gene_variant	-	-	-	-	-	-	IMPACT=MODIFIER;DISTANCE=1643;STRAND=-1	chr4_GL856772_random	614161	0.00588521	chr4	GL856772	Clusters_1_3
GL856772.1_614161_G/T	GL856772.1:614161	T	ENSSHAG00000009711	ENSSHAT00000011380	Transcript	intron_variant	-	-	-	-	-	-	IMPACT=MODIFIER;STRAND=-1	chr4_GL856772_random	614161	0.00588521	chr4	GL856772	Clusters_1_3
GL856772.1_614161_G/T	GL856772.1:614161	T	ENSSHAG00000009711	ENSSHAT00000011382	Transcript	upstream_gene_variant	-	-	-	-	-	-	IMPACT=MODIFIER;DISTANCE=1921;STRAND=-1	chr4_GL856772_random	614161	0.00588521	chr4	GL856772	Clusters_1_3
GL857170.1_72102_C/G	GL857170.1:72102	G	ENSSHAG00000003818	ENSSHAT00000004381	Transcript	downstream_gene_variant	-	-	-	-	-	-	IMPACT=MODIFIER;DISTANCE=4191;STRAND=-1	chr4_GL857170_random	72102	0.008713	chr4	GL857170	Clusters_1_2
GL857170.1_72103_A/G	GL857170.1:72103	G	ENSSHAG00000003818	ENSSHAT00000004381	Transcript	downstream_gene_variant	-	-	-	-	-	-	IMPACT=MODIFIER;DISTANCE=4190;STRAND=-1	chr4_GL857170_random	72103	0.00817322	chr4	GL857170	Clusters_1_2
GL856779.1_3470203_C/G	GL856779.1:3470203	G	ENSSHAG00000018326	ENSSHAT00000021813	Transcript	downstream_gene_variant	-	-	-	-	-	-	IMPACT=MODIFIER;DISTANCE=3533;STRAND=-1	chr4_GL856779_random	3470203	0.0019381	chr4	GL856779	Clusters_1_3
GL856846.1_1060806_G/T	GL856846.1:1060806	T	ENSSHAG00000012570	ENSSHAT00000014849	Transcript	downstream_gene_variant	-	-	-	-	-	-	IMPACT=MODIFIER;DISTANCE=297;STRAND=-1	chr4_GL856846_random	1060806	0.0040435	chr4	GL856846	Clusters_1_3
GL856846.1_1060806_G/T	GL856846.1:1060806	T	ENSSHAG00000012486	ENSSHAT00000014749	Transcript	5_prime_UTR_variant	217	-	-	-	-	-	IMPACT=MODIFIER;STRAND=-1	chr4_GL856846_random	1060806	0.0040435	chr4	GL856846	Clusters_1_3
GL856846.1_1060806_G/T	GL856846.1:1060806	T	ENSSHAG00000012570	ENSSHAT00000014848	Transcript	intron_variant	-	-	-	-	-	-	IMPACT=MODIFIER;STRAND=-1	chr4_GL856846_random	1060806	0.0040435	chr4	GL856846	Clusters_1_3
GL856870.1_186042_G/A	GL856870.1:186042	A	ENSSHAG00000005382	ENSSHAT00000006239	Transcript	intron_variant	-	-	-	-	-	-	IMPACT=MODIFIER;STRAND=-1	chr4_GL856870_random	186042	0.00264304	chr4	GL856870	Clusters_3_2
GL856879.1_65162_A/T	GL856879.1:65162	T	ENSSHAG00000003291	ENSSHAT00000003777	Transcript	intron_variant	-	-	-	-	-	-	IMPACT=MODIFIER;STRAND=1	chr4_GL856879_random	65162	0.00353098	chr4	GL856879	Clusters_3_2
GL856879.1_65162_A/T	GL856879.1:65162	T	ENSSHAG00000003291	ENSSHAT00000003778	Transcript	intron_variant	-	-	-	-	-	-	IMPACT=MODIFIER;STRAND=1	chr4_GL856879_random	65162	0.00353098	chr4	GL856879	Clusters_3_2
GL856950.1_192840_G/A	GL856950.1:192840	A	ENSSHAG00000005905	ENSSHAT00000006853	Transcript	upstream_gene_variant	-	-	-	-	-	-	IMPACT=MODIFIER;DISTANCE=2583;STRAND=-1	chr4_GL856950_random	192840	0.0019183	chr4	GL856950	Clusters_3_2
GL856979.1_1555960_G/A	GL856979.1:1555960	A	ENSSHAG00000014596	ENSSHAT00000017315	Transcript	intron_variant	-	-	-	-	-	-	IMPACT=MODIFIER;STRAND=1	chr4_GL856979_random	1555960	0.00503346	chr4	GL856979	Clusters_3_2
GL856979.1_1555960_G/A	GL856979.1:1555960	A	ENSSHAG00000014596	ENSSHAT00000017316	Transcript	intron_variant	-	-	-	-	-	-	IMPACT=MODIFIER;STRAND=1	chr4_GL856979_random	1555960	0.00503346	chr4	GL856979	Clusters_3_2
GL857125.1_113463_G/C	GL857125.1:113463	C	ENSSHAG00000001386	ENSSHAT00000001573	Transcript	intron_variant	-	-	-	-	-	-	IMPACT=MODIFIER;STRAND=1	chr4_GL857125_random	113463	0.00117792	chr4	GL857125	Clusters_3_2
GL861871.1_198695_T/A	GL861871.1:198695	A	ENSSHAG00000006054	ENSSHAT00000007027	Transcript	downstream_gene_variant	-	-	-	-	-	-	IMPACT=MODIFIER;DISTANCE=1974;STRAND=-1	chr5_GL861871_random	198695	0.00683679	chr5	GL861871	Clusters_3_2
GL861871.1_198695_T/A	GL861871.1:198695	A	ENSSHAG00000006054	ENSSHAT00000007028	Transcript	downstream_gene_variant	-	-	-	-	-	-	IMPACT=MODIFIER;DISTANCE=2588;STRAND=-1	chr5_GL861871_random	198695	0.00683679	chr5	GL861871	Clusters_3_2
GL861636.1_1207252_T/C	GL861636.1:1207252	C	ENSSHAG00000012355	ENSSHAT00000014593	Transcript	intron_variant,non_coding_transcript_variant	-	-	-	-	-	-	IMPACT=MODIFIER;STRAND=1	chr5_GL861636_random	1207252	0.00547265	chr5	GL861636	Clusters_3_2
GL861755.1_85588_G/A	GL861755.1:85588	A	ENSSHAG00000002615	ENSSHAT00000002988	Transcript	intron_variant	-	-	-	-	-	-	IMPACT=MODIFIER;STRAND=1	chr5_GL861755_random	85588	0.00346718	chr5	GL861755	Clusters_1_3
GL861591.1_297456_A/G	GL861591.1:297456	G	ENSSHAG00000007145	ENSSHAT00000008315	Transcript	intron_variant	-	-	-	-	-	-	IMPACT=MODIFIER;STRAND=1	chr5_GL861591_random	297456	0.00733491	chr5	GL861591	Clusters_3_2
GL861661.1_2812949_A/G	GL861661.1:2812949	G	ENSSHAG00000017516	ENSSHAT00000020819	Transcript	intron_variant	-	-	-	-	-	-	IMPACT=MODIFIER;STRAND=1	chr5_GL861661_random	2812949	0.00605798	chr5	GL861661	Clusters_3_2
GL861661.1_2812949_A/G	GL861661.1:2812949	G	ENSSHAG00000017516	ENSSHAT00000020820	Transcript	intron_variant	-	-	-	-	-	-	IMPACT=MODIFIER;STRAND=1	chr5_GL861661_random	2812949	0.00605798	chr5	GL861661	Clusters_3_2
GL862730.1_863_A/C	GL862730.1:863	C	ENSSHAG00000000344	ENSSHAT00000000396	Transcript	synonymous_variant	291	291	97	G	ggA/ggC	-	IMPACT=LOW;STRAND=1	chr5_GL862730_random	863	0.00649181	chr5	GL862730	Clusters_3_2
GL862730.1_888_C/T	GL862730.1:888	T	ENSSHAG00000000344	ENSSHAT00000000396	Transcript	stop_gained	316	316	106	Q/*	Caa/Taa	-	IMPACT=HIGH;STRAND=1	chr5_GL862730_random	888	0.00418663	chr5	GL862730	Clusters_3_2
GL862730.1_889_A/G	GL862730.1:889	G	ENSSHAG00000000344	ENSSHAT00000000396	Transcript	missense_variant	317	317	106	Q/R	cAa/cGa	-	IMPACT=MODERATE;STRAND=1	chr5_GL862730_random	889	0.00677332	chr5	GL862730	Clusters_3_2
GL864752.1_380937_C/A	GL864752.1:380937	A	ENSSHAG00000008102	ENSSHAT00000009447	Transcript	upstream_gene_variant	-	-	-	-	-	-	IMPACT=MODIFIER;DISTANCE=4222;STRAND=1	chr6_GL864752_random	380937	0.00170414	chr6	GL864752	Clusters_3_2
GL864799.1_97336_A/G	GL864799.1:97336	G	ENSSHAG00000003993	ENSSHAT00000004586	Transcript	3_prime_UTR_variant	1547	-	-	-	-	-	IMPACT=MODIFIER;STRAND=1	chr6_GL864799_random	97336	0.00719687	chr6	GL864799	Clusters_1_2
GL864869.1_1817788_C/T	GL864869.1:1817788	T	ENSSHAG00000015480	ENSSHAT00000018384	Transcript	intron_variant	-	-	-	-	-	-	IMPACT=MODIFIER;STRAND=-1	chr6_GL864869_random	1817788	0.00488134	chr6	GL864869	Clusters_1_2
GL864869.1_1849447_C/T	GL864869.1:1849447	T	ENSSHAG00000015480	ENSSHAT00000018384	Transcript	intron_variant	-	-	-	-	-	-	IMPACT=MODIFIER;STRAND=-1	chr6_GL864869_random	1849447	0.00564082	chr6	GL864869	Clusters_3_2
GL864738.1_2168469_G/A	GL864738.1:2168469	A	ENSSHAG00000016402	ENSSHAT00000019468	Transcript	intron_variant	-	-	-	-	-	-	IMPACT=MODIFIER;STRAND=1	chr6_GL864738_random	2168469	0.00545285	chr6	GL864738	Clusters_1_3
GL864738.1_2168469_G/A	GL864738.1:2168469	A	ENSSHAG00000016402	ENSSHAT00000019469	Transcript	intron_variant	-	-	-	-	-	-	IMPACT=MODIFIER;STRAND=1	chr6_GL864738_random	2168469	0.00545285	chr6	GL864738	Clusters_1_3
GL864904.1_20639_A/G	GL864904.1:20639	G	ENSSHAG00000001101	ENSSHAT00000001249	Transcript	missense_variant	2242	2242	748	S/G	Agt/Ggt	-	IMPACT=MODERATE;STRAND=1	chr6_GL864904_random	20639	0.00470054	chr6	GL864904	Clusters_1_3
GL867148.1_1133_C/G	GL867148.1:1133	G	ENSSHAG00000000358	ENSSHAT00000000411	Transcript	missense_variant	571	571	191	D/H	Gat/Cat	-	IMPACT=MODERATE;STRAND=-1	chr6_GL867148_random	1133	0.00349181	chr6	GL867148	Clusters_1_3
GL867148.1_1140_A/T	GL867148.1:1140	T	ENSSHAG00000000358	ENSSHAT00000000411	Transcript	synonymous_variant	564	564	188	S	tcT/tcA	-	IMPACT=LOW;STRAND=-1	chr6_GL867148_random	1140	0.00313097	chr6	GL867148	Clusters_1_3
GL864812.1_313774_G/C	GL864812.1:313774	C	ENSSHAG00000006879	ENSSHAT00000007993	Transcript	intron_variant	-	-	-	-	-	-	IMPACT=MODIFIER;STRAND=-1	chr6_GL864812_random	313774	0.00266355	chr6	GL864812	Clusters_3_2
GL867673.1_47583_G/C	GL867673.1:47583	C	ENSSHAG00000003123	ENSSHAT00000003592	Transcript	upstream_gene_variant	-	-	-	-	-	-	IMPACT=MODIFIER;DISTANCE=4720;STRAND=1	chrX_GL867673_random	47583	0.0022859	chrX	GL867673	Clusters_3_2
